{"cameraMode":{"drawMode":0,"name":"Shaded","section":"Shading Mode"},"sceneLighting":true,"audioPlay":false,"sceneViewState":{"showFog":true,"showMaterialUpdate":false,"showSkybox":true,"showFlares":true,"showImageEffects":true,"showParticleSystems":true},"in2DMode":false,"pivot":{"x":2.184329032897949,"y":3.104029417037964,"z":0.5655701160430908},"rotation":{"x":0.25270718336105349,"y":-0.7256275415420532,"z":0.33703669905662539,"w":0.5440692901611328},"size":1.2247449159622193,"orthographic":false}