{"cameraMode":{"drawMode":0,"name":"Shaded","section":"Shading Mode"},"sceneLighting":true,"audioPlay":false,"sceneViewState":{"m_AlwaysRefresh":false,"showFog":true,"showSkybox":true,"showFlares":true,"showImageEffects":true,"showParticleSystems":true,"showVisualEffectGraphs":true,"m_FxEnabled":true},"in2DMode":false,"pivot":{"x":0.5840583443641663,"y":6.507359504699707,"z":1.7092145681381226},"rotation":{"x":0.010543935000896454,"y":0.8169941306114197,"z":-0.5763772130012512,"w":0.014952092431485653},"size":0.5926049947738648,"orthographic":false}