{"cameraMode":{"drawMode":0,"name":"Shaded","section":"Shading Mode"},"sceneLighting":false,"audioPlay":false,"sceneViewState":{"m_AlwaysRefresh":false,"showFog":true,"showSkybox":false,"showFlares":true,"showImageEffects":true,"showParticleSystems":true,"showVisualEffectGraphs":true,"m_FxEnabled":true},"in2DMode":false,"pivot":{"x":0.5772010087966919,"y":0.699361264705658,"z":0.0035485588014125826},"rotation":{"x":0.28839585185050967,"y":-0.6482431292533875,"z":0.29135486483573916,"w":0.6416630744934082},"size":0.08545741438865662,"orthographic":false}