{"cameraMode":{"drawMode":0,"name":"Shaded","section":"Shading Mode"},"sceneLighting":false,"audioPlay":false,"sceneViewState":{"m_AlwaysRefresh":false,"showFog":true,"showSkybox":false,"showFlares":true,"showImageEffects":true,"showParticleSystems":true,"showVisualEffectGraphs":true,"m_FxEnabled":true},"in2DMode":false,"pivot":{"x":-0.16187240183353425,"y":0.36639404296875,"z":-0.41185781359672549},"rotation":{"x":0.38866063952445986,"y":-0.05385375767946243,"z":0.022762876003980638,"w":0.9195300340652466},"size":0.08545741438865662,"orthographic":false}